Icy,Moon
Sleepy,Head
Dirty,Tuna
Curvy,Spoon
Tall,Rocket
Brown,Shelves
Lazy,Tortoise
Short,Book
Ugly,Tree
Calm,Lake
Shy,Crow
Soft,Snake
Tiny,Desk
Old,Chicken
Gorgeous,Flower
Fluffy,Parrot
Dark,Skirt
Orange,Pencil
Dry,Foot
Proud,Guard
Chubby,Penguin
White,Swan
Smelly,Fish
Wet,Coat
Dusty,Camel
Cold,Table
Shiny,Ship
Clean,Shoe
Hairy,Otter
Warm,Stone
Fat,Ox
Green,Berry
Sick,Goose
Healthy,Eye
Angry,Shark
Red,Nose
Thin,Lion
Thirsty,Hen
Pale,Shirt
Wild,River
Dirty,Pond
Cute,Lamb
Quick,Tiger
Pretty,Garden
Black,Cow
Huge,Sofa
Clever,Sheep
Brown,Hair
Pink,Pig
Young,Owl
Blue,Hand
Grumpy,Bat
Brave,Deer
Noisy,Car
Fat,Goat
Yellow,Jacket
Weird,Alien
Healthy,Hamster
White,Duck
Tame,Fox
Nice,Dress
Quiet,Brother
Bored,Sister
Funny,Hat
Hungry,Mouse
Grey,Kitten
Huge,Bear
Happy,Uncle
Thin,Cat
Loud,Dog
Cuddly,Rabbit
Fast,Horse
Small,Boy
Pale,Moon
Clean,Head
Smelly,Tuna
Blue,Spoon
Fast,Rocket
Dusty,Shelves
Huge,Tortoise
Weird,Book
Old,Tree
Gorgeous,Lake
Clever,Crow
Thin,Snake
Tall,Desk
Grey,Chicken
Wild,Flower
Noisy,Parrot
Short,Skirt
Green,Pencil
Pink,Foot
Sleepy,Guard
Icy,Penguin
Pretty,Swan
Shiny,Fish
Soft,Coat
Funny,Camel
Brown,Table
Orange,Ship
Small,Shoe
Wet,Otter
Curvy,Stone
Lazy,Ox
Red,Berry
Shy,Goose
Dry,Eye
Hungry,Shark
Big,Nose
Tame,Lion
Nice,Hen
Yellow,Shirt
Calm,River
Smelly,Pond
White,Lamb
Cuddly,Tiger
Tiny,Garden
Hairy,Cow
Ugly,Sofa
Thirsty,Sheep
Dark,Hair
Loud,Pig
Quiet,Owl
Cold,Hand
Young,Bat
Cute,Deer
Fast,Car
Clever,Goat
Warm,Jacket
Proud,Alien
Fat,Hamster
Sick,Duck
Quick,Fox
Warm,Dress
Dirty,Brother
Grumpy,Sister
Blue,Hat
Black,Mouse
Brave,Kitten
Wild,Bear
Bored,Uncle
Chubby,Cat
Angry,Dog
Fluffy,Rabbit
Healthy,Horse
Happy,Boy
Yellow,Moon
Hairy,Head
Old,Tuna
Shiny,Spoon
Huge,Rocket
Tall,Shelves
Sleepy,Tortoise
Blue,Book
Brown,Tree
Cold,Lake
Noisy,Crow
Dusty,Snake
Clean,Desk
Angry,Chicken
Smelly,Flower
Cuddly,Parrot
Soft,Skirt
Black,Pencil
Chubby,Foot
Clever,Guard
Young,Penguin
Tame,Swan
Red,Fish
Warm,Coat
Quick,Camel
Dirty,Table
Icy,Ship
Cute,Shoe
Hungry,Otter
Grey,Stone
Sick,Ox
Small,Berry
Grumpy,Goose
Lazy,Eye
Wet,Shark
Curvy,Nose
Proud,Lion
Happy,Hen
Old,Shirt
Short,River
Fast,Pond
Shy,Lamb
Gorgeous,Tiger
Wild,Garden
Orange,Cow
Dark,Sofa
Big,Sheep
Weird,Hair
Hungry,Pig
Pale,Owl
Dry,Hand
Healthy,Bat
Thirsty,Deer
Ugly,Car
Nice,Goat
Wet,Jacket
Green,Alien
Noisy,Hamster
Tame,Duck
Thin,Fox
Pretty,Dress
Big,Brother
Bored,Sister
Pink,Hat
Loud,Mouse
Tiny,Kitten
Calm,Bear
Fat,Uncle
Fluffy,Cat
Brave,Dog
Quiet,Rabbit
White,Horse
Funny,Boy
Small,Moon
Wet,Head
Fast,Tuna
Dry,Spoon
Loud,Rocket
Ugly,Shelves
Sick,Tortoise
Big,Book
Wild,Tree
Clean,Lake
Young,Crow
Quiet,Snake
Old,Desk
Quick,Chicken
Pink,Flower
Hungry,Parrot
White,Skirt
Yellow,Pencil
Cold,Foot
Grumpy,Guard
Happy,Penguin
Tiny,Swan
Huge,Fish
Dusty,Coat
Tall,Camel
Curvy,Table
Noisy,Ship
Smelly,Shoe
Bored,Otter
Pale,Stone
Short,Ox
Weird,Berry
Black,Goose
Brown,Eye
Grey,Shark
Blue,Nose
Angry,Lion
Pretty,Hen
Dark,Shirt
Dirty,River
Icy,Pond
Sleepy,Lamb
Clever,Tiger
Nice,Garden
Tiny,Cow
Red,Sofa
Cuddly,Sheep
Shiny,Hair
Lazy,Pig
Warm,Owl
Fat,Hand
Weird,Bat
Calm,Deer
Green,Car
Healthy,Goat
Gorgeous,Jacket
Funny,Alien
Chubby,Hamster
Bored,Duck
Thirsty,Fox
Soft,Dress
Young,Brother
Loud,Sister
Fluffy,Hat
Tame,Mouse
Cute,Kitten
Hairy,Bear
Brave,Uncle
Orange,Cat
Small,Dog
Shy,Rabbit
Thin,Horse
Proud,Boy
Dark,Moon
Thin,Head
Hungry,Tuna
Cold,Spoon
Red,Rocket
Old,Shelves
Tame,Tortoise
Wet,Book
Curvy,Tree
Smelly,Lake
Grumpy,Crow
Green,Snake
Dusty,Desk
Sick,Chicken
Cute,Flower
Wild,Parrot
Clean,Skirt
Small,Pencil
Big,Foot
Ugly,Guard
Noisy,Penguin
Loud,Swan
Clever,Fish
Dirty,Coat
Fat,Camel
Tall,Table
Fast,Ship
Pink,Shoe
Sleepy,Otter
Tiny,Stone
Young,Ox
Yellow,Berry
Happy,Goose
Shiny,Eye
Quiet,Shark
Short,Nose
Lazy,Lion
Chubby,Hen
Blue,Shirt
Icy,River
Warm,Pond
Black,Lamb
Huge,Tiger
Clean,Garden
Brown,Cow
Dry,Sofa
Bored,Sheep
Soft,Hair
Sick,Pig
Angry,Owl
Hairy,Hand
Thirsty,Bat
Pale,Deer
Red,Car
Shy,Goat
Orange,Jacket
Nice,Alien
Fluffy,Hamster
Grey,Duck
Healthy,Fox
Black,Dress
Weird,Brother
Brave,Sister
Pretty,Hat
White,Mouse
Cuddly,Kitten
Thirsty,Bear
Proud,Uncle
Funny,Cat
Quick,Dog
Calm,Rabbit
Gorgeous,Horse
Hairy,Boy
Large,Moon
